{"nodes":{"8e06a8ca-1b41-4c35-beff-59edf1ed652b":{"x":111.65728192566631,"y":65.70215903253204,"powered":false},"942ec92e-686e-4000-aa34-8b04a602a8c1":{"x":214.8313416472252,"y":66.19346407882517,"powered":false}},"wires":{"95708b8a-96c4-4078-b319-76e2f8e9373f":{"start":"8e06a8ca-1b41-4c35-beff-59edf1ed652b","end":"942ec92e-686e-4000-aa34-8b04a602a8c1","not":true}},"texts":{"29ae5c0c-6b1f-4e66-b856-ce3c15277f46":{"x":161.77039664756632,"y":32.78472093089184,"text":"New Text","scale":1}},"viewport":{"x":49.84546035294065,"y":75.89041574144339,"scale":2.210662630743582}}